index,hashcode,hashname,len,loc_offset,loc_file,path
0,01b50007,HT_File_AS_FPlay,882688,00000000,00000000,x:\gforce\binary\_bin_pc\as_fplay.edb
1,01b5002d,HT_File_AS_L00_005,14336,001b4800,00000000,x:\gforce\binary\_bin_pc\as_l00_005.edb
2,01b50015,HT_File_AS_L01_002,20480,001c9800,00000000,x:\gforce\binary\_bin_pc\as_l01_002.edb
3,01b50008,HT_File_AS_L01_010,14336,001e2800,00000000,x:\gforce\binary\_bin_pc\as_l01_010.edb
4,01b50037,HT_File_AS_L01_018,6144,0022b800,00000000,x:\gforce\binary\_bin_pc\as_l01_018.edb
5,01b50009,HT_File_AS_L01_020,10240,00231800,00000000,x:\gforce\binary\_bin_pc\as_l01_020.edb
6,01b5000a,HT_File_AS_L01_030,32768,0023e000,00000000,x:\gforce\binary\_bin_pc\as_l01_030.edb
7,01b5000b,HT_File_AS_L01_040,4096,00263800,00000000,x:\gforce\binary\_bin_pc\as_l01_040.edb
8,01b50027,HT_File_AS_L01_045,86016,00265800,00000000,x:\gforce\binary\_bin_pc\as_l01_045.edb
9,01b5000c,HT_File_AS_L01_050,8192,002d9000,00000000,x:\gforce\binary\_bin_pc\as_l01_050.edb
10,01b50030,HT_File_AS_L01_055,4096,002dd800,00000000,x:\gforce\binary\_bin_pc\as_l01_055.edb
11,01b5000d,HT_File_AS_L01_060,4096,002e5800,00000000,x:\gforce\binary\_bin_pc\as_l01_060.edb
12,01b5000f,HT_File_AS_L02_010,6144,002ed000,00000000,x:\gforce\binary\_bin_pc\as_l02_010.edb
13,01b5002b,HT_File_AS_L02_012,18432,00317800,00000000,x:\gforce\binary\_bin_pc\as_l02_012.edb
14,01b50025,HT_File_AS_L02_030,593920,0031c000,00000000,x:\gforce\binary\_bin_pc\as_l02_030.edb
15,01b50010,HT_File_AS_L02_050,40960,00495800,00000000,x:\gforce\binary\_bin_pc\as_l02_050.edb
16,01b5000e,HT_File_AS_L02_100,26624,004e9000,00000000,x:\gforce\binary\_bin_pc\as_l02_100.edb
17,01b5001d,HT_File_AS_L02_130,8192,00517800,00000000,x:\gforce\binary\_bin_pc\as_l02_130.edb
18,01b50020,HT_File_AS_L02_133,4096,00519800,00000000,x:\gforce\binary\_bin_pc\as_l02_133.edb
19,01b5001f,HT_File_AS_L02_135,6144,00521800,00000000,x:\gforce\binary\_bin_pc\as_l02_135.edb
20,01b5001e,HT_File_AS_L02_140,6144,0052f000,00000000,x:\gforce\binary\_bin_pc\as_l02_140.edb
21,01b50032,HT_File_AS_L02_145,6144,00530800,00000000,x:\gforce\binary\_bin_pc\as_l02_145.edb
22,01b50033,HT_File_AS_L02_150,4096,00552800,00000000,x:\gforce\binary\_bin_pc\as_l02_150.edb
23,01b50017,HT_File_AS_L03_010,2742272,0055a000,00000000,x:\gforce\binary\_bin_pc\as_l03_010.edb
24,01b50022,HT_File_AS_L03_012,18432,007f7800,00000000,x:\gforce\binary\_bin_pc\as_l03_012.edb
25,01b50023,HT_File_AS_L03_014,16384,007fc000,00000000,x:\gforce\binary\_bin_pc\as_l03_014.edb
26,01b50018,HT_File_AS_L03_015,12288,00800000,00000000,x:\gforce\binary\_bin_pc\as_l03_015.edb
27,01b5001b,HT_File_AS_L03_020,4096,00803000,00000000,x:\gforce\binary\_bin_pc\as_l03_020.edb
28,01b50026,HT_File_AS_L03_022,12288,00804000,00000000,x:\gforce\binary\_bin_pc\as_l03_022.edb
29,01b50028,HT_File_AS_L03_023,8192,00811800,00000000,x:\gforce\binary\_bin_pc\as_l03_023.edb
30,01b50029,HT_File_AS_L03_024,10240,00813800,00000000,x:\gforce\binary\_bin_pc\as_l03_024.edb
31,01b5001a,HT_File_AS_L03_025,26624,00856800,00000000,x:\gforce\binary\_bin_pc\as_l03_025.edb
32,01b5002c,HT_File_AS_L03_028,6144,0085d000,00000000,x:\gforce\binary\_bin_pc\as_l03_028.edb
33,01b5002e,HT_File_AS_L03_035,4096,0085e800,00000000,x:\gforce\binary\_bin_pc\as_l03_035.edb
34,01b50019,HT_File_AS_L04_010,16384,00867000,00000000,x:\gforce\binary\_bin_pc\as_l04_010.edb
35,01b50036,HT_File_AS_L04_018,14336,0086b000,00000000,x:\gforce\binary\_bin_pc\as_l04_018.edb
36,01b5001c,HT_File_AS_L04_020,126976,0086e800,00000000,x:\gforce\binary\_bin_pc\as_l04_020.edb
37,01b50024,HT_File_AS_L04_025,190464,0088d800,00000000,x:\gforce\binary\_bin_pc\as_l04_025.edb
38,01b50021,HT_File_AS_L04_030,14336,008cd000,00000000,x:\gforce\binary\_bin_pc\as_l04_030.edb
39,01b5002f,HT_File_AS_L04_035,4096,008d0800,00000000,x:\gforce\binary\_bin_pc\as_l04_035.edb
40,01b50034,HT_File_AS_L05_005,4096,008d4800,00000000,x:\gforce\binary\_bin_pc\as_l05_005.edb
41,01b50016,HT_File_AS_L05_010,20480,008d7800,00000000,x:\gforce\binary\_bin_pc\as_l05_010.edb
42,01b5002a,HT_File_AS_L05_020,18432,008dc800,00000000,x:\gforce\binary\_bin_pc\as_l05_020.edb
43,01b50031,HT_File_AS_L05_030,4096,008e1000,00000000,x:\gforce\binary\_bin_pc\as_l05_030.edb
44,01b50006,HT_File_AS_MVacuum,6144,008e2000,00000000,x:\gforce\binary\_bin_pc\as_mvacuum.edb
45,01b50005,HT_File_AS_Tests,661504,008ed000,00000000,x:\gforce\binary\_bin_pc\as_tests.edb
46,01c50017,HT_File_Char_Enemy_Anim_Aircon,79872,00ab6800,00000000,x:\gforce\binary\_bin_pc\cea_aircon.edb
47,01c50020,HT_File_Char_Enemy_Anim_AirFreshener,40960,00ae0000,00000000,x:\gforce\binary\_bin_pc\cea_airfsh.edb
48,01c50027,HT_File_Char_Enemy_Anim_AlarmClock,63488,00b02000,00000000,x:\gforce\binary\_bin_pc\cea_alarm.edb
49,01c50023,HT_File_Char_Enemy_Anim_Berserk,40960,00b40800,00000000,x:\gforce\binary\_bin_pc\cea_berserk.edb
50,01c50001,HT_File_Char_Enemy_Anim_Blender,94208,00b51800,00000000,x:\gforce\binary\_bin_pc\cea_blender.edb
51,01c50029,HT_File_Char_Enemy_Anim_CDPlayer,155648,00bac800,00000000,x:\gforce\binary\_bin_pc\cea_cdplayer.edb
52,01c50021,HT_File_Char_Enemy_Anim_Coffee,102400,00c42800,00000000,x:\gforce\binary\_bin_pc\cea_coffee.edb
53,01c50016,HT_File_Char_Enemy_Anim_CPUFan,34816,00c90800,00000000,x:\gforce\binary\_bin_pc\cea_cpufan.edb
54,01c50010,HT_File_Char_Enemy_Anim_CeilingSpeaker,36864,00c9f800,00000000,x:\gforce\binary\_bin_pc\cea_cspeaker.edb
55,01c50028,HT_File_Char_Enemy_Anim_DeskFan,112640,00caa800,00000000,x:\gforce\binary\_bin_pc\cea_deskfan.edb
56,01c5001b,HT_File_Char_Enemy_Anim_EggFan,49152,00ccf800,00000000,x:\gforce\binary\_bin_pc\cea_eggfan.edb
57,01c50012,HT_File_Char_Enemy_Anim_ExtractorFan,122880,00cea800,00000000,x:\gforce\binary\_bin_pc\cea_extrfan.edb
58,01c5000b,HT_File_Char_Enemy_Anim_FireEx,124928,00d0b000,00000000,x:\gforce\binary\_bin_pc\cea_fireex.edb
59,01c50006,HT_File_Char_Enemy_Anim_Flying,122880,00d5e000,00000000,x:\gforce\binary\_bin_pc\cea_flying.edb
60,01c50019,HT_File_Char_Enemy_Anim_FVacuum,49152,00d7c800,00000000,x:\gforce\binary\_bin_pc\cea_fvacuum.edb
61,01c50005,HT_File_Char_Enemy_Anim_Ground,96256,00da9000,00000000,x:\gforce\binary\_bin_pc\cea_ground.edb
62,01c5002a,HT_File_Char_Enemy_Anim_Head,20480,00dc1000,00000000,x:\gforce\binary\_bin_pc\cea_head.edb
63,01c5001d,HT_File_Char_Enemy_Anim_Iron,53248,00def800,00000000,x:\gforce\binary\_bin_pc\cea_iron.edb
64,01c50004,HT_File_Char_Enemy_Anim_MicrowaveOven,274432,00e59000,00000000,x:\gforce\binary\_bin_pc\cea_micro.edb
65,01c50025,HT_File_Char_Enemy_Anim_Mouse,26624,00ebf800,00000000,x:\gforce\binary\_bin_pc\cea_mouse.edb
66,01c5000d,HT_File_Char_Enemy_Anim_MotionSensor,65536,00ed8800,00000000,x:\gforce\binary\_bin_pc\cea_msensor.edb
67,01c50011,HT_File_Char_Enemy_Anim_MVacuum,178176,00ef4000,00000000,x:\gforce\binary\_bin_pc\cea_mvacuum.edb
68,01c50026,HT_File_Char_Enemy_Anim_RDVAtt,4096,00f45000,00000000,x:\gforce\binary\_bin_pc\cea_rdvatt.edb
69,01c50024,HT_File_Char_Enemy_Anim_RDVTarget,51200,00f4d800,00000000,x:\gforce\binary\_bin_pc\cea_rdvtarg.edb
70,01c50008,HT_File_Char_Enemy_Anim_SatDish,276480,00f5e000,00000000,x:\gforce\binary\_bin_pc\cea_satdish.edb
71,01c5001e,HT_File_Char_Enemy_Anim_SecCamera,6144,00fb3800,00000000,x:\gforce\binary\_bin_pc\cea_seccam.edb
72,01c50018,HT_File_Char_Enemy_Anim_SecDoor,909312,00fb5800,00000000,x:\gforce\binary\_bin_pc\cea_secdoor.edb
73,01c5001f,HT_File_Char_Enemy_Anim_SecTurret,45056,01093800,00000000,x:\gforce\binary\_bin_pc\cea_secturr.edb
74,01c5000e,HT_File_Char_Enemy_Anim_Shaver,69632,010a0800,00000000,x:\gforce\binary\_bin_pc\cea_shaver.edb
75,01c50013,HT_File_Char_Enemy_Anim_Shredder,47104,010e1000,00000000,x:\gforce\binary\_bin_pc\cea_shred.edb
76,01c50007,HT_File_Char_Enemy_Anim_Static,145408,01115000,00000000,x:\gforce\binary\_bin_pc\cea_static.edb
77,01c50014,HT_File_Char_Enemy_Anim_TableLamp,149504,0113a000,00000000,x:\gforce\binary\_bin_pc\cea_tlamp.edb
78,01c50002,HT_File_Char_Enemy_Anim_Toaster,159744,0116c800,00000000,x:\gforce\binary\_bin_pc\cea_toaster.edb
79,01c5001c,HT_File_Char_Enemy_Anim_Torch,38912,01202000,00000000,x:\gforce\binary\_bin_pc\cea_torch.edb
80,01c50003,HT_File_Char_Enemy_Anim_Waffler,38912,01234800,00000000,x:\gforce\binary\_bin_pc\cea_waffler.edb
81,01c5000a,HT_File_Char_Enemy_Anim_WaterCooler,176128,01246000,00000000,x:\gforce\binary\_bin_pc\cea_wcooler.edb
82,01c5000f,HT_File_Char_Enemy_Anim_WallSpeaker,337920,012ab000,00000000,x:\gforce\binary\_bin_pc\cea_wspeaker.edb
83,01c50022,HT_File_Char_Enemy_Anim_ZombieComputer,102400,0136f800,00000000,x:\gforce\binary\_bin_pc\cea_zcompu.edb
84,01c60002,HT_File_Char_Enemy_Skin_Aircon,718848,01404800,00000000,x:\gforce\binary\_bin_pc\ces_aircon.edb
85,01c60023,HT_File_Char_Enemy_Skin_AirFreshenerBW,542720,014ef000,00000000,x:\gforce\binary\_bin_pc\ces_airfbw.edb
86,01c60003,HT_File_Char_Enemy_Skin_AirFreshener,595968,01574000,00000000,x:\gforce\binary\_bin_pc\ces_airfsh.edb
87,01c6001f,HT_File_Char_Enemy_Skin_AlarmClock,421888,01606000,00000000,x:\gforce\binary\_bin_pc\ces_alarm.edb
88,01c60004,HT_File_Char_Enemy_Skin_Berserk,450560,0166d800,00000000,x:\gforce\binary\_bin_pc\ces_berserk.edb
89,01c60005,HT_File_Char_Enemy_Skin_Blender,2250752,016dc000,00000000,x:\gforce\binary\_bin_pc\ces_blender.edb
90,01c60021,HT_File_Char_Enemy_Skin_CDPlayer,1507328,01902000,00000000,x:\gforce\binary\_bin_pc\ces_cdplayer.edb
91,01c60006,HT_File_Char_Enemy_Skin_Coffee,1437696,01a72800,00000000,x:\gforce\binary\_bin_pc\ces_coffee.edb
92,01c60007,HT_File_Char_Enemy_Skin_CPUFan,258048,01bd2000,00000000,x:\gforce\binary\_bin_pc\ces_cpufan.edb
93,01c60008,HT_File_Char_Enemy_Skin_CeilingSpeaker,518144,01c11800,00000000,x:\gforce\binary\_bin_pc\ces_cspeaker.edb
94,01c60020,HT_File_Char_Enemy_Skin_DeskFan,970752,01c90800,00000000,x:\gforce\binary\_bin_pc\ces_deskfan.edb
95,01c60009,HT_File_Char_Enemy_Skin_EggFan,1290240,01d7e000,00000000,x:\gforce\binary\_bin_pc\ces_eggfan.edb
96,01c6000a,HT_File_Char_Enemy_Skin_ExtractorFan,481280,01eb9800,00000000,x:\gforce\binary\_bin_pc\ces_extrfan.edb
97,01c6000b,HT_File_Char_Enemy_Skin_FireEx,1169408,01f2f800,00000000,x:\gforce\binary\_bin_pc\ces_fireex.edb
98,01c6001d,HT_File_Char_Enemy_Skin_FlyZapper,372736,0204d800,00000000,x:\gforce\binary\_bin_pc\ces_flyzap.edb
99,01c6000c,HT_File_Char_Enemy_Skin_FVacuum,804864,020a8800,00000000,x:\gforce\binary\_bin_pc\ces_fvacuum.edb
100,01c60022,HT_File_Char_Enemy_Skin_Head,503808,0216d800,00000000,x:\gforce\binary\_bin_pc\ces_head.edb
101,01c6000d,HT_File_Char_Enemy_Skin_Iron,1138688,021e9000,00000000,x:\gforce\binary\_bin_pc\ces_iron.edb
102,01c60027,HT_File_Char_Enemy_Skin_Iron_BW,972800,022ff800,00000000,x:\gforce\binary\_bin_pc\ces_iron_bw.edb
103,01c6000e,HT_File_Char_Enemy_Skin_MicrowaveOven,512000,023ed800,00000000,x:\gforce\binary\_bin_pc\ces_micro.edb
104,01c6001c,HT_File_Char_Enemy_Skin_Mouse,327680,0246b000,00000000,x:\gforce\binary\_bin_pc\ces_mouse.edb
105,01c6000f,HT_File_Char_Enemy_Skin_MotionSensor,532480,024bb800,00000000,x:\gforce\binary\_bin_pc\ces_msensor.edb
106,01c60001,HT_File_Char_Enemy_Skin_MVacuum,673792,0253e000,00000000,x:\gforce\binary\_bin_pc\ces_mvacuum.edb
107,01c6001e,HT_File_Char_Enemy_Skin_RDVAtt,677888,025e3000,00000000,x:\gforce\binary\_bin_pc\ces_rdvatt.edb
108,01c60010,HT_File_Char_Enemy_Skin_SatDish,706560,02689000,00000000,x:\gforce\binary\_bin_pc\ces_satdish.edb
109,01c60011,HT_File_Char_Enemy_Skin_SecCamera,387072,02736000,00000000,x:\gforce\binary\_bin_pc\ces_seccam.edb
110,01c60012,HT_File_Char_Enemy_Skin_SecTurret,342016,02795000,00000000,x:\gforce\binary\_bin_pc\ces_secturr.edb
111,01c60013,HT_File_Char_Enemy_Skin_Shaver,632832,027e9000,00000000,x:\gforce\binary\_bin_pc\ces_shaver.edb
112,01c60014,HT_File_Char_Enemy_Skin_Shredder,1089536,02884000,00000000,x:\gforce\binary\_bin_pc\ces_shred.edb
113,01c60024,HT_File_Char_Enemy_Skin_TableLampBW,1286144,0298e800,00000000,x:\gforce\binary\_bin_pc\ces_tlambw.edb
114,01c60015,HT_File_Char_Enemy_Skin_TableLamp,968704,02ac9000,00000000,x:\gforce\binary\_bin_pc\ces_tlamp.edb
115,01c60025,HT_File_Char_Enemy_Skin_ToasterBW,718848,02bb6000,00000000,x:\gforce\binary\_bin_pc\ces_toasbw.edb
116,01c60016,HT_File_Char_Enemy_Skin_Toaster,755712,02c66000,00000000,x:\gforce\binary\_bin_pc\ces_toaster.edb
117,01c60017,HT_File_Char_Enemy_Skin_Torch,776192,02d1f000,00000000,x:\gforce\binary\_bin_pc\ces_torch.edb
118,01c60018,HT_File_Char_Enemy_Skin_Waffler,798720,02ddd000,00000000,x:\gforce\binary\_bin_pc\ces_waffler.edb
119,01c60019,HT_File_Char_Enemy_Skin_WaterCooler,1077248,02ea0800,00000000,x:\gforce\binary\_bin_pc\ces_wcooler.edb
120,01c6001a,HT_File_Char_Enemy_Skin_WallSpeaker,284672,02fa8000,00000000,x:\gforce\binary\_bin_pc\ces_wspeaker.edb
121,01c60026,HT_File_Char_Enemy_Skin_ZombieComputerBW,1982464,02fee000,00000000,x:\gforce\binary\_bin_pc\ces_zcombw.edb
122,01c6001b,HT_File_Char_Enemy_Skin_ZombieComputer,2279424,031d2800,00000000,x:\gforce\binary\_bin_pc\ces_zcompu.edb
123,01be0001,HT_File_Char_NPC_Anim_Human,51200,033ff800,00000000,x:\gforce\binary\_bin_pc\cna_human.edb
124,01be0002,HT_File_Char_NPC_Anim_Swat,14336,0345d000,00000000,x:\gforce\binary\_bin_pc\cna_swat.edb
125,01c00019,HT_File_Char_NPC_Skin_Assistant,856064,034d9000,00000000,x:\gforce\binary\_bin_pc\cns_assis.edb
126,01c0000e,HT_File_Char_NPC_Skin_Boy,874496,035aa800,00000000,x:\gforce\binary\_bin_pc\cns_boy.edb
127,01c00017,HT_File_Char_NPC_Skin_Chef1,884736,03680800,00000000,x:\gforce\binary\_bin_pc\cns_chef1.edb
128,01c00018,HT_File_Char_NPC_Skin_Chef2,890880,0375a800,00000000,x:\gforce\binary\_bin_pc\cns_chef2.edb
129,01c0001b,HT_File_Char_NPC_Skin_Executive1,890880,03836000,00000000,x:\gforce\binary\_bin_pc\cns_exe1.edb
130,01c0001c,HT_File_Char_NPC_Skin_Executive2,716800,03911800,00000000,x:\gforce\binary\_bin_pc\cns_exe2.edb
131,01c0001d,HT_File_Char_NPC_Skin_FBIAgent1,839680,039c2800,00000000,x:\gforce\binary\_bin_pc\cns_fbi1.edb
132,01c0001e,HT_File_Char_NPC_Skin_FBIAgent2,901120,03a91800,00000000,x:\gforce\binary\_bin_pc\cns_fbi2.edb
133,01c0000d,HT_File_Char_NPC_Skin_Female1,870400,03b6f800,00000000,x:\gforce\binary\_bin_pc\cns_female1.edb
134,01c0001f,HT_File_Char_NPC_Skin_Guard1,1910784,03c44800,00000000,x:\gforce\binary\_bin_pc\cns_grd1.edb
135,01c00012,HT_File_Char_NPC_Skin_Male1,897024,03e19000,00000000,x:\gforce\binary\_bin_pc\cns_male1.edb
136,01c00013,HT_File_Char_NPC_Skin_News,886784,03ef6000,00000000,x:\gforce\binary\_bin_pc\cns_news.edb
137,01c00011,HT_File_Char_NPC_Skin_Newscaster,897024,03fd0800,00000000,x:\gforce\binary\_bin_pc\cns_nwsr.edb
138,01c00009,HT_File_Char_NPC_Skin_Saber,1425408,040ad800,00000000,x:\gforce\binary\_bin_pc\cns_saber.edb
139,01c00021,HT_File_Char_NPC_Skin_Sarm,854016,0420b800,00000000,x:\gforce\binary\_bin_pc\cns_sarm.edb
140,01c00008,HT_File_Char_NPC_Skin_Scientist1Girl,1036288,042dc800,00000000,x:\gforce\binary\_bin_pc\cns_sci1girl.edb
141,01c00005,HT_File_Char_NPC_Skin_Scientist2,1015808,043da000,00000000,x:\gforce\binary\_bin_pc\cns_sci2.edb
142,01c00002,HT_File_Char_NPC_Skin_Security1,1939456,044d2800,00000000,x:\gforce\binary\_bin_pc\cns_secu1.edb
143,01c00004,HT_File_Char_NPC_Skin_Security2,876544,046ae000,00000000,x:\gforce\binary\_bin_pc\cns_secu2.edb
144,01c0000a,HT_File_Char_NPC_Skin_Security3,899072,04784800,00000000,x:\gforce\binary\_bin_pc\cns_secu3.edb
145,01c0000b,HT_File_Char_NPC_Skin_Security4,892928,04860800,00000000,x:\gforce\binary\_bin_pc\cns_secu4.edb
146,01c0000f,HT_File_Char_NPC_Skin_Sman1,892928,0493b000,00000000,x:\gforce\binary\_bin_pc\cns_sman1.edb
147,01c00010,HT_File_Char_NPC_Skin_Sman2,901120,04a17000,00000000,x:\gforce\binary\_bin_pc\cns_sman2.edb
148,01c00003,HT_File_Char_NPC_Skin_Swat1,1402880,04af5000,00000000,x:\gforce\binary\_bin_pc\cns_swat1.edb
149,01c00006,HT_File_Char_NPC_Skin_Swat2,1126400,04c4c000,00000000,x:\gforce\binary\_bin_pc\cns_swat2.edb
150,01c0000c,HT_File_Char_NPC_Skin_Swat3,1036288,04d5f800,00000000,x:\gforce\binary\_bin_pc\cns_swat3.edb
151,01c0001a,HT_File_Char_NPC_Skin_Woman1,526336,04e5d000,00000000,x:\gforce\binary\_bin_pc\cns_woma1.edb
152,01bb0003,HT_File_Char_Player_Anim_GPig,204800,04ede000,00000000,x:\gforce\binary\_bin_pc\cpa_gpig.edb
153,01bb0005,HT_File_Char_Player_Anim_Mooch,40960,050f1000,00000000,x:\gforce\binary\_bin_pc\cpa_mooch.edb
154,01bd0009,HT_File_Char_Player_Skin_Blaster,1187840,0511b000,00000000,x:\gforce\binary\_bin_pc\cps_blaster.edb
155,01bd0006,HT_File_Char_Player_Skin_Darwin,1792000,05289800,00000000,x:\gforce\binary\_bin_pc\cps_darwin.edb
156,01bd000a,HT_File_Char_Player_Skin_Hurley,1241088,0543f800,00000000,x:\gforce\binary\_bin_pc\cps_hurley.edb
157,01bd0008,HT_File_Char_Player_Skin_Juarez,1421312,055b5000,00000000,x:\gforce\binary\_bin_pc\cps_juarez.edb
158,01bd0004,HT_File_Char_Player_Skin_Mooch,473088,05749000,00000000,x:\gforce\binary\_bin_pc\cps_mooch.edb
159,01bd000b,HT_File_Char_Player_Skin_Spec,940032,057bd000,00000000,x:\gforce\binary\_bin_pc\cps_spec.edb
160,01bd0003,HT_File_Char_Player_Skin_Temp,733184,058dc000,00000000,x:\gforce\binary\_bin_pc\cps_temp.edb
161,01050032,HT_File_CS_Darwin,1759232,0598f800,00000000,x:\gforce\binary\_bin_pc\cs_darwin.edb
162,01050094,HT_File_CS_Gen_005,221184,05b60000,00000000,x:\gforce\binary\_bin_pc\cs_gen_005.edb
163,0105009d,HT_File_CS_Gen_010,10240,05ba4800,00000000,x:\gforce\binary\_bin_pc\cs_gen_010.edb
164,010500a7,HT_File_CS_Gen_015,8192,05bb3000,00000000,x:\gforce\binary\_bin_pc\cs_gen_015.edb
165,01050046,HT_File_CS_Jbm_010,8679424,05bc5000,00000000,x:\gforce\binary\_bin_pc\cs_jbm_010.edb
166,01050081,HT_File_CS_Jumps,4096,06442800,00000000,x:\gforce\binary\_bin_pc\cs_jumps.edb
167,0105002a,HT_File_CS_L01_010,352256,06443800,00000000,x:\gforce\binary\_bin_pc\cs_l01_010.edb
168,010500a4,HT_File_CS_L01_015,14336,064b9800,00000000,x:\gforce\binary\_bin_pc\cs_l01_015.edb
169,0105002b,HT_File_CS_L01_020,69632,064ca000,00000000,x:\gforce\binary\_bin_pc\cs_l01_020.edb
170,01050093,HT_File_CS_L02_005,849920,06556800,00000000,x:\gforce\binary\_bin_pc\cs_l02_005.edb
171,0105002c,HT_File_CS_L02_010,317440,0667c800,00000000,x:\gforce\binary\_bin_pc\cs_l02_010.edb
172,01050037,HT_File_CS_L02_012,862208,0675b800,00000000,x:\gforce\binary\_bin_pc\cs_l02_012.edb
173,0105003c,HT_File_CS_L02_013,1077248,06866000,00000000,x:\gforce\binary\_bin_pc\cs_l02_013.edb
174,0105003d,HT_File_CS_L02_014,10240,069ae800,00000000,x:\gforce\binary\_bin_pc\cs_l02_014.edb
175,0105003e,HT_File_CS_L02_015,2381824,069c5000,00000000,x:\gforce\binary\_bin_pc\cs_l02_015.edb
176,01050031,HT_File_CS_L02_020,94208,06ca5800,00000000,x:\gforce\binary\_bin_pc\cs_l02_020.edb
177,01050098,HT_File_CS_L02_025,862208,06cc7000,00000000,x:\gforce\binary\_bin_pc\cs_l02_025.edb
178,0105002d,HT_File_CS_L02_030,14336,06dc4000,00000000,x:\gforce\binary\_bin_pc\cs_l02_030.edb
179,010500a2,HT_File_CS_L02_035,98304,06de4000,00000000,x:\gforce\binary\_bin_pc\cs_l02_035.edb
180,010500a6,HT_File_CS_L02_038,96256,06e06800,00000000,x:\gforce\binary\_bin_pc\cs_l02_038.edb
181,0105002e,HT_File_CS_L02_040,12288,06e28800,00000000,x:\gforce\binary\_bin_pc\cs_l02_040.edb
182,01050030,HT_File_CS_L02_045,647168,06e4b800,00000000,x:\gforce\binary\_bin_pc\cs_l02_045.edb
183,01050039,HT_File_CS_L02_048,278528,07006000,00000000,x:\gforce\binary\_bin_pc\cs_l02_048.edb
184,01050083,HT_File_CS_L02_049,12288,070a2000,00000000,x:\gforce\binary\_bin_pc\cs_l02_049.edb
185,0105002f,HT_File_CS_L02_050,352256,070ba800,00000000,x:\gforce\binary\_bin_pc\cs_l02_050.edb
186,0105003a,HT_File_CS_L03_010,30720,0713d800,00000000,x:\gforce\binary\_bin_pc\cs_l03_010.edb
187,01050049,HT_File_CS_L03_012,22528,0718e000,00000000,x:\gforce\binary\_bin_pc\cs_l03_012.edb
188,01050045,HT_File_CS_L03_020,129024,071c3800,00000000,x:\gforce\binary\_bin_pc\cs_l03_020.edb
189,01050085,HT_File_CS_L03_022,104448,071ea000,00000000,x:\gforce\binary\_bin_pc\cs_l03_022.edb
190,01050086,HT_File_CS_L03_023,524288,07226800,00000000,x:\gforce\binary\_bin_pc\cs_l03_023.edb
191,0105009a,HT_File_CS_L03_024,10240,07349000,00000000,x:\gforce\binary\_bin_pc\cs_l03_024.edb
192,0105004e,HT_File_CS_L03_025,337920,07357000,00000000,x:\gforce\binary\_bin_pc\cs_l03_025.edb
193,01050087,HT_File_CS_L03_026,493568,073f5800,00000000,x:\gforce\binary\_bin_pc\cs_l03_026.edb
194,0105003b,HT_File_CS_L03_030,434176,07474000,00000000,x:\gforce\binary\_bin_pc\cs_l03_030.edb
195,010500a3,HT_File_CS_L03_035,12288,074f7800,00000000,x:\gforce\binary\_bin_pc\cs_l03_035.edb
196,0105003f,HT_File_CS_L03_040,10240,07508800,00000000,x:\gforce\binary\_bin_pc\cs_l03_040.edb
197,01050096,HT_File_CS_L03_047,108544,0751e800,00000000,x:\gforce\binary\_bin_pc\cs_l03_047.edb
198,01050042,HT_File_CS_L03_050,116736,076e9000,00000000,x:\gforce\binary\_bin_pc\cs_l03_050.edb
199,01050043,HT_File_CS_L03_060,118784,0770a800,00000000,x:\gforce\binary\_bin_pc\cs_l03_060.edb
200,01050040,HT_File_CS_L03_070,81920,0772e000,00000000,x:\gforce\binary\_bin_pc\cs_l03_070.edb
201,01050041,HT_File_CS_L03_080,131072,078be800,00000000,x:\gforce\binary\_bin_pc\cs_l03_080.edb
202,01050084,HT_File_CS_L03_100,30720,0791f800,00000000,x:\gforce\binary\_bin_pc\cs_l03_100.edb
203,0105005b,HT_File_CS_L04_010,374784,07962000,00000000,x:\gforce\binary\_bin_pc\cs_l04_010.edb
204,0105007b,HT_File_CS_L04_020,417792,07a43000,00000000,x:\gforce\binary\_bin_pc\cs_l04_020.edb
205,01050099,HT_File_CS_L04_025,49152,07c5c800,00000000,x:\gforce\binary\_bin_pc\cs_l04_025.edb
206,01050088,HT_File_CS_L04_030,247808,07cea800,00000000,x:\gforce\binary\_bin_pc\cs_l04_030.edb
207,0105005c,HT_File_CS_L04_040,100352,07d2a000,00000000,x:\gforce\binary\_bin_pc\cs_l04_040.edb
208,01050078,HT_File_CS_L04_050,864256,07d66000,00000000,x:\gforce\binary\_bin_pc\cs_l04_050.edb
209,01050060,HT_File_CS_L04_060,104448,07ec9800,00000000,x:\gforce\binary\_bin_pc\cs_l04_060.edb
210,01050062,HT_File_CS_L04_070,83968,07f12800,00000000,x:\gforce\binary\_bin_pc\cs_l04_070.edb
211,01050075,HT_File_CS_L05_010,16384,08015000,00000000,x:\gforce\binary\_bin_pc\cs_l05_010.edb
212,01050071,HT_File_CS_L05_020,237568,08020800,00000000,x:\gforce\binary\_bin_pc\cs_l05_020.edb
213,01050074,HT_File_CS_L05_030,81920,0805e000,00000000,x:\gforce\binary\_bin_pc\cs_l05_030.edb
214,010500a0,HT_File_CS_L05_035,12288,08178000,00000000,x:\gforce\binary\_bin_pc\cs_l05_035.edb
215,01050033,HT_File_CS_Placeholder,4096,08190000,00000000,x:\gforce\binary\_bin_pc\cs_phold.edb
216,0105008b,HT_File_CS_PipBlaster,964608,08191000,00000000,x:\gforce\binary\_bin_pc\cs_pipblas.edb
217,0105008d,HT_File_CS_PipHurley,964608,08283000,00000000,x:\gforce\binary\_bin_pc\cs_piphurl.edb
218,0105008c,HT_File_CS_PipJuarez,964608,08375800,00000000,x:\gforce\binary\_bin_pc\cs_pipjuar.edb
219,010500a9,HT_File_CS_PipNews,14336,08468000,00000000,x:\gforce\binary\_bin_pc\cs_pipnews.edb
220,0105008a,HT_File_CS_PipSpec,1294336,08477800,00000000,x:\gforce\binary\_bin_pc\cs_pipspec.edb
221,01050047,HT_File_CS_R01_010,1449984,085bb800,00000000,x:\gforce\binary\_bin_pc\cs_r01_010.edb
222,01050048,HT_File_CS_R01_020,1492992,0872a800,00000000,x:\gforce\binary\_bin_pc\cs_r01_020.edb
223,010500aa,HT_File_CS_R01_025,8591360,088c1000,00000000,x:\gforce\binary\_bin_pc\cs_r01_025.edb
224,010500ab,HT_File_CS_R02_030,7479296,09164000,00000000,x:\gforce\binary\_bin_pc\cs_r02_030.edb
225,01050028,HT_File_CS_Tests,18432,098c1000,00000000,x:\gforce\binary\_bin_pc\cs_tests.edb
226,0107001b,HT_File_FX_Ability,34816,098ce000,00000000,x:\gforce\binary\_bin_pc\fx_abil.edb
227,0107001a,HT_File_FX_BmWat,79872,098d6800,00000000,x:\gforce\binary\_bin_pc\fx_bmwat.edb
228,01070001,HT_File_FX_Dust,67584,098ea000,00000000,x:\gforce\binary\_bin_pc\fx_dust.edb
229,01070018,HT_File_FX_Gadgets,79872,098fa800,00000000,x:\gforce\binary\_bin_pc\fx_gadg.edb
230,0107000c,HT_File_FX_Gener,184320,0990e000,00000000,x:\gforce\binary\_bin_pc\fx_gener.edb
231,01070023,HT_File_FX_General,40960,0993b000,00000000,x:\gforce\binary\_bin_pc\fx_general.edb
232,01070019,HT_File_FX_Preci,32768,09945000,00000000,x:\gforce\binary\_bin_pc\fx_preci.edb
233,01c30015,HT_File_Intro_Demo,14757888,0994d000,00000000,x:\gforce\binary\_bin_pc\int_demo.edb
234,01c30011,HT_File_Intro_GHUD,7608320,0a760000,00000000,x:\gforce\binary\_bin_pc\int_ghud.edb
235,01c30014,HT_File_Intro_IntroScreen,51200,0b6c4000,00000000,x:\gforce\binary\_bin_pc\int_introscr.edb
236,0106005c,HT_File_IO_Chute,4096,0bcdf000,00000000,x:\gforce\binary\_bin_pc\io_chute.edb
237,0106003a,HT_File_IO_Container,200704,0bce0000,00000000,x:\gforce\binary\_bin_pc\io_container.edb
238,0106003e,HT_File_IO_Doors,51200,0bd39000,00000000,x:\gforce\binary\_bin_pc\io_doors.edb
239,01060076,HT_File_IO_EChute,212992,0bd79800,00000000,x:\gforce\binary\_bin_pc\io_echute.edb
240,01060075,HT_File_IO_EContainer,530432,0bdad800,00000000,x:\gforce\binary\_bin_pc\io_econtainr.edb
241,01060078,HT_File_IO_EDoors,2340864,0c17c800,00000000,x:\gforce\binary\_bin_pc\io_edoors.edb
242,0106007a,HT_File_IO_EFurniture,382976,0cbe7800,00000000,x:\gforce\binary\_bin_pc\io_efurnitur.edb
243,01060072,HT_File_IO_EHologram,786432,0ce99800,00000000,x:\gforce\binary\_bin_pc\io_ehologram.edb
244,01060081,HT_File_IO_EHotCold,14336,0cf59800,00000000,x:\gforce\binary\_bin_pc\io_ehotcold.edb
245,01060071,HT_File_IO_EKios,2371584,0cf63000,00000000,x:\gforce\binary\_bin_pc\io_ekios.edb
246,0106007f,HT_File_IO_ELasers,104448,0d1a6000,00000000,x:\gforce\binary\_bin_pc\io_elasers.edb
247,01060089,HT_File_IO_EMap_02B,69632,0d1bf800,00000000,x:\gforce\binary\_bin_pc\io_em02b.edb
248,0106008a,HT_File_IO_EMap_02C,4096,0d435000,00000000,x:\gforce\binary\_bin_pc\io_em02c.edb
249,0106008d,HT_File_IO_EMap_03A,1325056,0d533800,00000000,x:\gforce\binary\_bin_pc\io_em03a.edb
250,0106008c,HT_File_IO_EMap_03D,182272,0d9fa000,00000000,x:\gforce\binary\_bin_pc\io_em03d.edb
251,0106008b,HT_File_IO_EMap_04C,49152,0dd1c800,00000000,x:\gforce\binary\_bin_pc\io_em04c.edb
252,0106008e,HT_File_IO_EMap_05D,794624,0e07a000,00000000,x:\gforce\binary\_bin_pc\io_em05d.edb
253,01060048,HT_File_IO_EntGadget,4044800,0e465800,00000000,x:\gforce\binary\_bin_pc\io_entgad.edb
254,01060074,HT_File_IO_EOptSwitch,196608,0e841000,00000000,x:\gforce\binary\_bin_pc\io_eoptswit.edb
255,01060073,HT_File_IO_EPowerCore,401408,0e871000,00000000,x:\gforce\binary\_bin_pc\io_epwrcore.edb
256,0106007b,HT_File_IO_ERDV,2035712,0e99e000,00000000,x:\gforce\binary\_bin_pc\io_erdv.edb
257,01060077,HT_File_IO_ESecKey,874496,0eb8f000,00000000,x:\gforce\binary\_bin_pc\io_eseckey.edb
258,01060080,HT_File_IO_ESigns,57344,0ec64800,00000000,x:\gforce\binary\_bin_pc\io_esigns.edb
259,0106007e,HT_File_IO_ESwitches,626688,0ec7c800,00000000,x:\gforce\binary\_bin_pc\io_eswitches.edb
260,0106007c,HT_File_IO_Events,147456,0ef87800,00000000,x:\gforce\binary\_bin_pc\io_events.edb
261,0106007d,HT_File_IO_EWheel,571392,0f07c000,00000000,x:\gforce\binary\_bin_pc\io_ewheel.edb
262,0106005e,HT_File_IO_Fans,90112,0f128800,00000000,x:\gforce\binary\_bin_pc\io_fans.edb
263,0106005d,HT_File_IO_Furniture,8192,0f1e4800,00000000,x:\gforce\binary\_bin_pc\io_furniture.edb
264,01060033,HT_File_IO_Gadgets,7094272,0f1ee800,00000000,x:\gforce\binary\_bin_pc\io_gadgets.edb
265,01060038,HT_File_IO_HazBurn,12288,0f8c5800,00000000,x:\gforce\binary\_bin_pc\io_hazburn.edb
266,0106003d,HT_File_IO_HazIce,421888,0f8c8800,00000000,x:\gforce\binary\_bin_pc\io_hazice.edb
267,01060037,HT_File_IO_HazRadio,256000,0f92f800,00000000,x:\gforce\binary\_bin_pc\io_hazradio.edb
268,01060035,HT_File_IO_HazSlip,460800,0f96e000,00000000,x:\gforce\binary\_bin_pc\io_hazslip.edb
269,01060036,HT_File_IO_HazStick,182272,0f9de800,00000000,x:\gforce\binary\_bin_pc\io_hazstick.edb
270,01060039,HT_File_IO_HazWater,45056,0fa0b000,00000000,x:\gforce\binary\_bin_pc\io_hazwater.edb
271,01060041,HT_File_IO_Hologram,253952,0fa16000,00000000,x:\gforce\binary\_bin_pc\io_hologram.edb
272,0106005f,HT_File_IO_HotCold,4096,0fa54000,00000000,x:\gforce\binary\_bin_pc\io_hotcold.edb
273,01060068,HT_File_IO_ItemEnts,2185216,0fa5b000,00000000,x:\gforce\binary\_bin_pc\io_itements.edb
274,01060031,HT_File_IO_Items,49152,0fc70800,00000000,x:\gforce\binary\_bin_pc\io_items.edb
275,01060046,HT_File_IO_Kiosk,8192,0fc7d000,00000000,x:\gforce\binary\_bin_pc\io_kiosk.edb
276,0106006f,HT_File_IO_L02_Src15,1239040,0fc7f000,00000000,x:\gforce\binary\_bin_pc\io_l02_src15.edb
277,0106006d,HT_File_IO_L03_Src10,1064960,0fdad800,00000000,x:\gforce\binary\_bin_pc\io_l03_src10.edb
278,01060070,HT_File_IO_L05_Src30,411648,0feb1800,00000000,x:\gforce\binary\_bin_pc\io_l05_src30.edb
279,01060062,HT_File_IO_Lasers,4096,0ff16000,00000000,x:\gforce\binary\_bin_pc\io_lasers.edb
280,01060005,HT_File_IO_Map_01,4096,0ff18000,00000000,x:\gforce\binary\_bin_pc\io_m01.edb
281,0106004a,HT_File_IO_Map_02A,4096,0ff98800,00000000,x:\gforce\binary\_bin_pc\io_m02a.edb
282,01060029,HT_File_IO_Map_02B,4096,10070800,00000000,x:\gforce\binary\_bin_pc\io_m02b.edb
283,0106004b,HT_File_IO_Map_02C,4096,1007b000,00000000,x:\gforce\binary\_bin_pc\io_m02c.edb
284,0106004c,HT_File_IO_Map_02D,4096,10097800,00000000,x:\gforce\binary\_bin_pc\io_m02d.edb
285,0106004d,HT_File_IO_Map_02E,1865728,101d7800,00000000,x:\gforce\binary\_bin_pc\io_m02e.edb
286,0106004e,HT_File_IO_Map_03A,3465216,1039f000,00000000,x:\gforce\binary\_bin_pc\io_m03a.edb
287,0106000e,HT_File_IO_Map_03B,1411072,106f4800,00000000,x:\gforce\binary\_bin_pc\io_m03b.edb
288,0106000f,HT_File_IO_Map_03C,210944,10e9b000,00000000,x:\gforce\binary\_bin_pc\io_m03c.edb
289,01060010,HT_File_IO_Map_03D,86016,110a8800,00000000,x:\gforce\binary\_bin_pc\io_m03d.edb
290,01060011,HT_File_IO_Map_03E,4096,110f3800,00000000,x:\gforce\binary\_bin_pc\io_m03e.edb
291,0106004f,HT_File_IO_Map_04A,6144,110f4800,00000000,x:\gforce\binary\_bin_pc\io_m04a.edb
292,01060050,HT_File_IO_Map_04B,272384,111ff800,00000000,x:\gforce\binary\_bin_pc\io_m04b.edb
293,01060051,HT_File_IO_Map_04C,466944,11495000,00000000,x:\gforce\binary\_bin_pc\io_m04c.edb
294,01060052,HT_File_IO_Map_04D,1327104,11537800,00000000,x:\gforce\binary\_bin_pc\io_m04d.edb
295,01060053,HT_File_IO_Map_04E,262144,1197e800,00000000,x:\gforce\binary\_bin_pc\io_m04e.edb
296,01060054,HT_File_IO_Map_05A,22528,119be800,00000000,x:\gforce\binary\_bin_pc\io_m05a.edb
297,01060055,HT_File_IO_Map_05B,14336,119fe800,00000000,x:\gforce\binary\_bin_pc\io_m05b.edb
298,01060056,HT_File_IO_Map_05C,245760,11b2d800,00000000,x:\gforce\binary\_bin_pc\io_m05c.edb
299,01060057,HT_File_IO_Map_05D,4096,11c4f000,00000000,x:\gforce\binary\_bin_pc\io_m05d.edb
300,0106000d,HT_File_IO_Map_06,4096,12019000,00000000,x:\gforce\binary\_bin_pc\io_m06.edb
301,01060058,HT_File_IO_Map_RDV1,4096,1201a000,00000000,x:\gforce\binary\_bin_pc\io_mrdv1.edb
302,01060059,HT_File_IO_Map_RDV2,4096,1201b000,00000000,x:\gforce\binary\_bin_pc\io_mrdv2.edb
303,01060042,HT_File_IO_OptSwitch,6144,1201c000,00000000,x:\gforce\binary\_bin_pc\io_optswitch.edb
304,0106003c,HT_File_IO_PowerCore,47104,1201d800,00000000,x:\gforce\binary\_bin_pc\io_pwrcore.edb
305,01060030,HT_File_IO_RDV,264192,12030800,00000000,x:\gforce\binary\_bin_pc\io_rdv.edb
306,0106005b,HT_File_IO_SavePoint,200704,12071000,00000000,x:\gforce\binary\_bin_pc\io_savept.edb
307,01060061,HT_File_IO_Scr01Err,1075200,120a2000,00000000,x:\gforce\binary\_bin_pc\io_scr01err.edb
308,01060079,HT_File_IO_Scr_01_20,937984,121a8800,00000000,x:\gforce\binary\_bin_pc\io_scr_01_20.edb
309,01060082,HT_File_IO_Scr_02_12,49152,1228d800,00000000,x:\gforce\binary\_bin_pc\io_scr_02_12.edb
310,01060083,HT_File_IO_Scr_03_20,1064960,12299800,00000000,x:\gforce\binary\_bin_pc\io_scr_03_20.edb
311,01060069,HT_File_IO_Scr_03_22,2113536,1239d800,00000000,x:\gforce\binary\_bin_pc\io_scr_03_22.edb
312,01060084,HT_File_IO_Scr_03_25,4096,125a1800,00000000,x:\gforce\binary\_bin_pc\io_scr_03_25.edb
313,0106006a,HT_File_IO_Scr_03_26,180224,125a2800,00000000,x:\gforce\binary\_bin_pc\io_scr_03_26.edb
314,0106006b,HT_File_IO_Scr_03_30,321536,125ce800,00000000,x:\gforce\binary\_bin_pc\io_scr_03_30.edb
315,01060085,HT_File_IO_Scr_03_70,4096,1261d000,00000000,x:\gforce\binary\_bin_pc\io_scr_03_70.edb
316,01060087,HT_File_IO_Scr_04_20,1144832,1261e000,00000000,x:\gforce\binary\_bin_pc\io_scr_04_20.edb
317,01060086,HT_File_IO_Scr_04_40,4096,12735800,00000000,x:\gforce\binary\_bin_pc\io_scr_04_40.edb
318,01060063,HT_File_IO_Scr_Jbm3,4096,12736800,00000000,x:\gforce\binary\_bin_pc\io_scr_jbm3.edb
319,01060064,HT_File_IO_Scr_Jmb2,5019648,12737800,00000000,x:\gforce\binary\_bin_pc\io_scr_jmb2.edb
320,01060065,HT_File_IO_Scr_Jmb4,1544192,12c01000,00000000,x:\gforce\binary\_bin_pc\io_scr_jmb4.edb
321,01060066,HT_File_IO_Scr_Jmb5,7012352,12d7a000,00000000,x:\gforce\binary\_bin_pc\io_scr_jmb5.edb
322,01060088,HT_File_IO_Scr_Static,727040,1342a000,00000000,x:\gforce\binary\_bin_pc\io_scr_statc.edb
323,01060044,HT_File_IO_SecKey,40960,134db800,00000000,x:\gforce\binary\_bin_pc\io_seckey.edb
324,01060049,HT_File_IO_Signs,4096,134e5800,00000000,x:\gforce\binary\_bin_pc\io_signs.edb
325,0106006c,HT_File_IO_StatEnemy,1226752,134e9800,00000000,x:\gforce\binary\_bin_pc\io_statenemy.edb
326,01060040,HT_File_IO_Switches,393216,1385e800,00000000,x:\gforce\binary\_bin_pc\io_switches.edb
327,01060043,HT_File_IO_Thermal,288768,138d7800,00000000,x:\gforce\binary\_bin_pc\io_thermal.edb
328,0106003f,HT_File_IO_Vents,1075200,1391e000,00000000,x:\gforce\binary\_bin_pc\io_vents.edb
329,0106005a,HT_File_IO_Wheel,4096,13a2f800,00000000,x:\gforce\binary\_bin_pc\io_wheel.edb
330,01c10029,HT_File_Misc_Achievements,4096,13a32000,00000000,x:\gforce\binary\_bin_pc\msc_achieve.edb
331,01c10009,HT_File_Misc_Characters,12288,13a33000,00000000,x:\gforce\binary\_bin_pc\msc_chrctr.edb
332,01c10022,HT_File_Misc_Context,4096,13a36000,00000000,x:\gforce\binary\_bin_pc\msc_context.edb
333,01c1002a,HT_File_Misc_Credits,6144,13a37000,00000000,x:\gforce\binary\_bin_pc\msc_cred.edb
334,01c10027,HT_File_Misc_CSCapture,4096,13a38800,00000000,x:\gforce\binary\_bin_pc\msc_cscap.edb
335,01c10028,HT_File_Misc_Green,47104,13a39800,00000000,x:\gforce\binary\_bin_pc\msc_green.edb
336,01c1000e,HT_File_Misc_Icons,14673920,13a45000,00000000,x:\gforce\binary\_bin_pc\msc_icons.edb
337,01c1000f,HT_File_Misc_Invitm,8192,14843800,00000000,x:\gforce\binary\_bin_pc\msc_invitm.edb
338,01c10010,HT_File_Misc_LevelData,18432,14845800,00000000,x:\gforce\binary\_bin_pc\msc_leveld.edb
339,01c10011,HT_File_Misc_Lipsync,16384,1484a000,00000000,x:\gforce\binary\_bin_pc\msc_lipsnc.edb
340,01c10026,HT_File_Misc_MissInfo,6144,1484e000,00000000,x:\gforce\binary\_bin_pc\msc_missnfo.edb
341,01c10013,HT_File_Misc_Movie,6144,1484f800,00000000,x:\gforce\binary\_bin_pc\msc_movie.edb
342,01c10015,HT_File_Misc_PhysMaterials,4096,14851000,00000000,x:\gforce\binary\_bin_pc\msc_phsmat.edb
343,01c10016,HT_File_Misc_PhysSounds,6144,14852000,00000000,x:\gforce\binary\_bin_pc\msc_phssnd.edb
344,01c10025,HT_File_Misc_Proj,4096,14853800,00000000,x:\gforce\binary\_bin_pc\msc_proj.edb
345,01c10019,HT_File_Misc_Ragdoll,4096,14854800,00000000,x:\gforce\binary\_bin_pc\msc_ragdol.edb
346,01c1001a,HT_File_Misc_React,4096,14855800,00000000,x:\gforce\binary\_bin_pc\msc_react.edb
347,01c1001b,HT_File_Misc_RigidBodies,10240,14856800,00000000,x:\gforce\binary\_bin_pc\msc_rigidb.edb
348,01c10021,HT_File_Misc_Scan,8192,14859000,00000000,x:\gforce\binary\_bin_pc\msc_scan.edb
349,01c1001c,HT_File_Misc_Surfaces,4096,1485b000,00000000,x:\gforce\binary\_bin_pc\msc_surfac.edb
350,01c1001d,HT_File_Misc_Text,16384,1485c000,00000000,x:\gforce\binary\_bin_pc\msc_text.edb
351,01ba000c,HT_File_MW_Enemies,868352,150b9000,00000000,x:\gforce\binary\_bin_pc\mw_enemies.edb
352,01ba0003,HT_File_MW_FX,4300800,15a22800,00000000,x:\gforce\binary\_bin_pc\mw_fx.edb
353,01ba000f,HT_File_MW_IntObj,7596032,15e3c800,00000000,x:\gforce\binary\_bin_pc\mw_intobj.edb
354,01ba000d,HT_File_MW_Mooch,2093056,1657b000,00000000,x:\gforce\binary\_bin_pc\mw_mooch.edb
355,01ba000a,HT_File_MW_Movement,3891200,1677a000,00000000,x:\gforce\binary\_bin_pc\mw_movement.edb
356,01ba000e,HT_File_MW_NPCs,5670912,16b30000,00000000,x:\gforce\binary\_bin_pc\mw_npcs.edb
357,01ba000b,HT_File_MW_RDV,4702208,17098800,00000000,x:\gforce\binary\_bin_pc\mw_rdv.edb
358,01ba0010,HT_File_MW_Special,1820672,17514800,00000000,x:\gforce\binary\_bin_pc\mw_special.edb
359,01ba0014,HT_File_MW_Tutorial,3833856,176d1000,00000000,x:\gforce\binary\_bin_pc\mw_tutorial.edb
360,0101005d,HT_File_Map_00,10534912,17a79000,00000000,x:\gforce\binary\_bin_pc\m_00.edb
361,01010020,HT_File_Map_01,17317888,18485000,00000000,x:\gforce\binary\_bin_pc\m_01.edb
362,0101004a,HT_File_Map_01_GFX,12859392,1a6ca800,00000000,x:\gforce\binary\_bin_pc\m_01_gfx.edb
363,01010028,HT_File_Map_02A,12849152,1c4a0000,00000000,x:\gforce\binary\_bin_pc\m_02a.edb
364,01010052,HT_File_Map_02A_GFX,9629696,1ddb3800,00000000,x:\gforce\binary\_bin_pc\m_02a_gfx.edb
365,01010029,HT_File_Map_02B,11339776,1f428800,00000000,x:\gforce\binary\_bin_pc\m_02b.edb
366,0101004d,HT_File_Map_02B_GFX,6268928,207c3000,00000000,x:\gforce\binary\_bin_pc\m_02b_gfx.edb
367,0101002a,HT_File_Map_02C,12736512,216ae000,00000000,x:\gforce\binary\_bin_pc\m_02c.edb
368,0101004c,HT_File_Map_02C_GFX,9637888,23180000,00000000,x:\gforce\binary\_bin_pc\m_02c_gfx.edb
369,0101002b,HT_File_Map_02D,11634688,24950000,00000000,x:\gforce\binary\_bin_pc\m_02d.edb
370,01010032,HT_File_Map_02D_GFX,7827456,2634c800,00000000,x:\gforce\binary\_bin_pc\m_02d_gfx.edb
371,0101002c,HT_File_Map_02E,10117120,279a6000,00000000,x:\gforce\binary\_bin_pc\m_02e.edb
372,0101004b,HT_File_Map_02E_GFX,9766912,2834c000,00000000,x:\gforce\binary\_bin_pc\m_02e_gfx.edb
373,0101002d,HT_File_Map_03A,13596672,28c9c800,00000000,x:\gforce\binary\_bin_pc\m_03a.edb
374,0101003c,HT_File_Map_03A_GFX,8941568,2a8f1800,00000000,x:\gforce\binary\_bin_pc\m_03a_gfx.edb
375,0101005f,HT_File_Map_03A_PT2,6690816,2c008000,00000000,x:\gforce\binary\_bin_pc\m_03a_pt2.edb
376,0101002e,HT_File_Map_03B,13449216,2ce54800,00000000,x:\gforce\binary\_bin_pc\m_03b.edb
377,0101003b,HT_File_Map_03B_GFX,9412608,2e9c2800,00000000,x:\gforce\binary\_bin_pc\m_03b_gfx.edb
378,0101005e,HT_File_Map_03B_PT2,7667712,30255000,00000000,x:\gforce\binary\_bin_pc\m_03b_pt2.edb
379,0101002f,HT_File_Map_03C,13864960,3126e000,00000000,x:\gforce\binary\_bin_pc\m_03c.edb
380,0101003d,HT_File_Map_03C_GFX,7944192,3314b000,00000000,x:\gforce\binary\_bin_pc\m_03c_gfx.edb
381,01010030,HT_File_Map_03D,7446528,34943000,00000000,x:\gforce\binary\_bin_pc\m_03d.edb
382,0101003e,HT_File_Map_03D_GFX,5199872,35ddf800,00000000,x:\gforce\binary\_bin_pc\m_03d_gfx.edb
383,01010031,HT_File_Map_03E,6977536,3705d800,00000000,x:\gforce\binary\_bin_pc\m_03e.edb
384,01010054,HT_File_Map_03E_GFX,16384,3793f000,00000000,x:\gforce\binary\_bin_pc\m_03e_gfx.edb
385,01010034,HT_File_Map_04A,8916992,37d01800,00000000,x:\gforce\binary\_bin_pc\m_04a.edb
386,01010043,HT_File_Map_04A_GFX,6873088,3919c800,00000000,x:\gforce\binary\_bin_pc\m_04a_gfx.edb
387,01010035,HT_File_Map_04B,9971712,3a40e800,00000000,x:\gforce\binary\_bin_pc\m_04b.edb
388,0101003f,HT_File_Map_04B_GFX,8073216,3bcdc800,00000000,x:\gforce\binary\_bin_pc\m_04b_gfx.edb
389,01010058,HT_File_Map_04B_PT2,4517888,3d481800,00000000,x:\gforce\binary\_bin_pc\m_04b_pt2.edb
390,01010036,HT_File_Map_04C,15521792,3e0ad000,00000000,x:\gforce\binary\_bin_pc\m_04c.edb
391,01010050,HT_File_Map_04C_GFX,11290624,3feec000,00000000,x:\gforce\binary\_bin_pc\m_04c_gfx.edb
392,01010037,HT_File_Map_04D,10008576,41939800,00000000,x:\gforce\binary\_bin_pc\m_04d.edb
393,01010041,HT_File_Map_04D_GFX,5629952,42ee6800,00000000,x:\gforce\binary\_bin_pc\m_04d_gfx.edb
394,01010038,HT_File_Map_04E,3207168,440a7000,00000000,x:\gforce\binary\_bin_pc\m_04e.edb
395,01010044,HT_File_Map_04E_GFX,2977792,4476d000,00000000,x:\gforce\binary\_bin_pc\m_04e_gfx.edb
396,01010045,HT_File_Map_05A,10749952,44dc5000,00000000,x:\gforce\binary\_bin_pc\m_05a.edb
397,01010053,HT_File_Map_05A_GFX,10391552,45805800,00000000,x:\gforce\binary\_bin_pc\m_05a_gfx.edb
398,01010046,HT_File_Map_05B,6203392,461ee800,00000000,x:\gforce\binary\_bin_pc\m_05b.edb
399,0101004e,HT_File_Map_05B_GFX,2250752,46e5c000,00000000,x:\gforce\binary\_bin_pc\m_05b_gfx.edb
400,01010047,HT_File_Map_05C,5548032,4768d800,00000000,x:\gforce\binary\_bin_pc\m_05c.edb
401,0101004f,HT_File_Map_05C_GFX,1449984,47f9c800,00000000,x:\gforce\binary\_bin_pc\m_05c_gfx.edb
402,01010048,HT_File_Map_05D,3577856,484d2000,00000000,x:\gforce\binary\_bin_pc\m_05d.edb
403,01010055,HT_File_Map_05D_GFX,2940928,48dc5800,00000000,x:\gforce\binary\_bin_pc\m_05d_gfx.edb
404,01010016,HT_File_Map_06,4343808,49541000,00000000,x:\gforce\binary\_bin_pc\m_06.edb
405,01010057,HT_File_Map_06_GFX,1945600,49e50000,00000000,x:\gforce\binary\_bin_pc\m_06_gfx.edb
406,0101003a,HT_File_Map_RDV1,6264832,4a522800,00000000,x:\gforce\binary\_bin_pc\m_rdv1.edb
407,01010051,HT_File_Map_RDV1_GFX,5519360,4bdee000,00000000,x:\gforce\binary\_bin_pc\m_rdv1_gfx.edb
408,01010049,HT_File_Map_RDV2,8998912,4d571000,00000000,x:\gforce\binary\_bin_pc\m_rdv2.edb
409,01010056,HT_File_Map_RDV2_GFX,8355840,4ee06000,00000000,x:\gforce\binary\_bin_pc\m_rdv2_gfx.edb
